{"vip": {"x": 0.5, "y": 14.770000457763672, "z": 4.5, "facing": "FrontRight"}, "admin": {"x": 0.5, "y": 14.770000457763672, "z": 4.5, "facing": "FrontRight"}, "mod": {"x": 0.5, "y": 14.770000457763672, "z": 4.5, "facing": "FrontRight"}, "owner": {"x": 0.5, "y": 14.770000457763672, "z": 4.5, "facing": "FrontRight"}}